code,name,1990,1991,1992,1993,1994,1995,1996,1997,1998,1999,2000,2001,2002,2003,2004,2005,2006,2007,2008,2009,2010,2011
AGO,Angola,10335052.00,10653515.00,11002910.00,11371750.00,11742960.00,12105105.00,12452725.00,12792237.00,13138265.00,13511575.00,13926373.00,14388244.00,14890474.00,15419943.00,15957460.00,16489021.00,17010366.00,17525367.00,18037964.00,18555115.00,19081912.00,..
DZA,Algeria,25299182.00,25930560.00,26557969.00,27169903.00,27751086.00,28291591.00,28786855.00,29242917.00,29673694.00,30099010.00,30533827.00,30982214.00,31441848.00,31913462.00,32396048.00,32888449.00,33391954.00,33906605.00,34428028.00,34950168.00,35468208.00,..
EGY,Egypt Arab Rep.,56843275.00,57952386.00,59004372.00,60020423.00,61032081.00,62063810.00,63120498.00,64199588.00,65309201.00,66457136.00,67648419.00,68888032.00,70174632.00,71498433.00,72844998.00,74203215.00,75568453.00,76941572.00,78323298.00,79716203.00,81121077.00,..
BGD,Bangladesh,105256026.00,107768749.00,110225555.00,112645460.00,115059015.00,117486952.00,119928682.00,122370403.00,124803351.00,127214841.00,129592275.00,131944584.00,134266428.00,136514768.00,138633401.00,140587922.00,142353501.00,143956805.00,145478300.00,147030145.00,148692131.00,..
NER,Niger,7788198.00,8036341.00,8299868.00,8578542.00,8871631.00,9178575.00,9499892.00,9835945.00,10185812.00,10548219.00,10922421.00,11308134.00,11706182.00,12118322.00,12546945.00,12993884.00,13460138.00,13945662.00,14450007.00,14972257.00,15511953.00,..
NAM,Namibia,1414830.00,1465201.00,1512524.00,1558055.00,1603865.00,1651352.00,1700975.00,1751872.00,1802579.00,1851034.00,1895839.00,1936399.00,1973408.00,2008342.00,2043339.00,2079951.00,2118653.00,2158984.00,2200422.00,2242078.00,2283289,..
VEN,Venezuela RB,19750000.00,20197000.00,20659000.00,21121000.00,21583000.00,22043000.00,22502000.00,22959000.00,23413000.00,23867000.00,24311000.00,24765000.00,25220000.00,25674000.00,26127000.00,26577000.00,27031000.00,27483000.00,27935000.00,28384000.00,28834000,..
BGR,Bulgaria,8718000.00,8632000.00,8540000.00,8472000.00,8435000.00,8400000.00,8356000.00,8312068.00,8257000.00,8208000.00,8060000.00,7910000.00,7869000.00,7823000.00,7781161.00,7739900.00,7699020.00,7659764.00,7623395.00,7585131.00,7543325.00,..
BOL,Bolivia,6658462.00,6813834.00,6974168.00,7138204.00,7304230.00,7470925.00,7637622.00,7804333.00,7971237.00,8138802.00,8307248.00,8476709.00,8646659.00,8815911.00,8982917.00,9146655.00,9306660.00,9463497.00,9618466.00,9773441.00,9929849.00,..
GHA,Ghana,14793415.00,15216133.00,15655847.00,16105502.00,16554855.00,16996901.00,17429209.00,17855250.00,18281113.00,18715676.00,19165490.00,19632265.00,20114361.00,20610897.00,21119911.00,21639806.00,22170556.00,22712403.00,23264176.00,23824402.00,24391823.00,..
PAK,Pakistan,111844679.00,114970102.00,118010303.00,121029915.00,124121817.00,127346713.00,130737306.00,134255952.00,137808222.00,141261069.00,144522192.00,147557907.00,150407242.00,153139895.00,155860066.00,158645463.00,161513324.00,164445596.00,167442258.00,170494367.00,173593383,..
CPV,Cape Verde,348165.00,355655.00,364727.00,374820.00,385101.00,394946.00,404166.00,412893.00,421203.00,429278.00,437238.00,445096.00,452740.00,460031.00,466784.00,472883.00,478267.00,483023.00,487371.00,491621.00,495999,..
JOR,Jordan,3170000.00,3545000.00,3733000.00,3905930.65,4060839.76,4195000.00,4325045.00,4459121.40,4597400.00,4680500.00,4797500.00,4917500.00,5038000.00,5164000.00,5290000.00,5411500.00,5537000.00,5662000.00,5787000.00,5915000.00,6047000.00,..
LBR,Liberia,2127098.00,2091355.00,2054179.00,2030591.00,2039922.00,2094591.00,2203809.00,2360511.00,2540835.00,2710963.00,2847290.00,2939296.00,2996082.00,3037412.00,3092721.00,3182539.00,3313718.00,3477197.00,3658460.00,3835929.00,3994122.00,..
LBY,Libya,4334459.00,4421885.00,4509970.00,4598629.00,4687106.00,4775009.00,4862665.00,4951076.00,5041233.00,5134324.00,5231189.00,5331311.00,5434293.00,5541062.00,5652797.00,5769709.00,5893738.00,6023053.00,6149620.00,6262667.00,6355112,..
MYS,Malaysia,18208562.00,18707774.00,19204087.00,19701263.00,20205446.00,20720810.00,21247102.00,21781499.00,22322448.00,22867698.00,23414909.00,23964621.00,24515323.00,25060184.00,25590453.00,26100241.00,26586287.00,27051142.00,27502008.00,27949395.00,28401017.00,..
PRI,Puerto Rico,3537000.00,3562110.00,3585176.00,3615497.00,3649237.00,3683103.00,3724655.00,3759430.00,3781101.00,3800081.00,3814413.00,3837768.00,3858272.00,3876637.00,3893931.00,3910722.00,3926744.00,3941235.00,3954553.00,3967288.00,3978702.00,..
MYT,Mayotte,92413.00,97901.00,103795.00,109918.00,116028.00,121949.00,127624.00,133089.00,138384.00,143585.00,148753.00,153887.00,158983.00,164101.00,169315.00,174681.00,180217.00,185922.00,191805.00,197870.00,204114,..
PRK,Korea Dem. Rep.,20143212.00,20466180.00,20804249.00,21145052.00,21471407.00,21770898.00,22038893.00,22278723.00,22495715.00,22698674.00,22894095.00,23083419.00,23264576.00,23436550.00,23597383.00,23745941.00,23882465.00,24008606.00,24126329.00,24238179.00,24346229.00,..
TZA,Tanzania,25478979.00,26331511.00,27230502.00,28152305.00,29064223.00,29943732.00,30783155.00,31592450.00,32388671.00,33197305.00,34038161.00,34917073.00,35832494.00,36788281.00,37786946.00,38831024.00,39923609.00,41068185.00,42267667.00,43524738.00,44841226.00,..
BWA,Botswana,1382371.00,1423570.00,1464924.00,1506037.00,1546414.00,1585637.00,1623704.00,1660538.00,1695587.00,1728179.00,1757925.00,1784449.00,1808103.00,1830127.00,1852243.00,1875673.00,1900905.00,1927540.00,1954822.00,1981576.00,2006945.00,..
KHM,Cambodia,9531928.00,9868226.00,10205755.00,10539239.00,10862069.00,11169233.00,11458858.00,11731187.00,11986128.00,12224414.00,12446949.00,12653684.00,12845222.00,13024171.00,13193961.00,13357574.00,13515884.00,13669857.00,13822644.00,13977903.00,14138255.00,..
NIC,Nicaragua,4120797.00,4219176.00,4323263.00,4430182.00,4535802.00,4637040.00,4733164.00,4824799.00,4911886.00,4994730.00,5073704.00,5148635.00,5219724.00,5288271.00,5356012.00,5424336.00,5493527.00,5563654.00,5635577.00,5710230.00,5788163.00,..
ETH,Ethiopia,48333261.00,49998845.00,51730288.00,53502211.00,55281054.00,57042197.00,58774378.00,60481739.00,62174171.00,63868806.00,65577897.00,67303731.00,69040669.00,70784012.00,72526620.00,74263861.00,75993403.00,77718436.00,79446419.00,81187751.00,82949541.00,..
PRY,Paraguay,4243860.00,4354331.00,4464780.00,4575121.00,4685320.00,4795365.00,4905150.00,5014650.00,5124050.00,5233615.00,5343539.00,5453921.00,5564709.00,5675754.00,5786836.00,5897816.00,6008597.00,6119295.00,6230242.00,6341892.00,6454548.00,..
HKG,Hong Kong SAR China,5704500.00,5752000.00,5800500.00,5901000.00,6035400.00,6156100.00,6435500.00,6489300.00,6543700.00,6606500.00,6665000.00,6714300.00,6744100.00,6730800.00,6783500.00,6813200.00,6857100.00,6925900.00,6977700.00,7003700.00,7067800.00,..
SAU,Saudi Arabia,16139053.00,16669764.00,17189075.00,17679720.00,18117969.00,18491845.00,18786467.00,19020639.00,19256649.00,19578923.00,20045276.00,20681576.00,21463072.00,22334371.00,23213767.00,24041116.00,24799436.00,25504176.00,26166639.00,26809105.00,27448086.00,..
LBN,Lebanon,2948372.00,3026061.00,3130785.00,3249799.00,3364891.00,3462974.00,3539137.00,3597350.00,3644171.00,3690033.00,3742329.00,3802903.00,3868504.00,3935421.00,3998042.00,4052420.00,4097457.00,4134872.00,4166915.00,4196990.00,4227597.00,..
SVN,Slovenia,1998100.00,2001700.00,1996600.00,1966800.00,1988900.00,1990000.00,1991000.00,1985956.00,1982600.00,1985500.00,1989000.00,1992000.00,1994000.00,1995699.88,1996999.91,2000474.00,2006868.00,2018122.00,2021316.00,2039669.00,2052821.00,..
BFA,Burkina Faso,9323996.00,9580035.00,9844931.00,10118634.00,10401025.00,10692138.00,10992170.00,11301608.00,11621159.00,11951701.00,12294012.00,12648474.00,13015435.00,13395599.00,13789736.00,14198463.00,14622202.00,15061127.00,15515258.00,15984479.00,16468714.00,..
CHE,Switzerland,6712000.00,6800000.00,6875000.00,6938000.00,6994000.00,7041000.00,7074000.00,7088000.00,7110000.00,7140000.00,7184222.20,7229807.97,7284694.88,7338957.42,7389581.08,7437115.00,7483934.00,7551117.00,7647675.00,7743831.00,7825243.00,..
MRT,Mauritania,1995548.00,2050456.00,2107590.00,2166948.00,2228453.00,2292053.00,2357678.00,2425374.00,2495316.00,2567741.00,2642743.00,2720367.00,2800333.00,2882003.00,2964526.00,3047249.00,3129959.00,3212672.00,3295254.00,3377630.00,3459773.00,..
CHI,Channel Islands,140137.00,140804.00,141179.00,141384.00,141594.00,141934.00,142448.00,143102.00,143847.00,144607.00,145330.00,145995.00,146626.00,147262.00,147963.00,148763.00,149682.00,150689.00,151705.00,152618.00,153352,..
HRV,Croatia,4780000.00,4510000.00,4470000.00,4640000.00,4650000.00,4669000.00,4494000.00,4572000.00,4501000.00,4554000.00,4426000.00,4440000.00,4440000.00,4440000.00,4439000.00,4442000.00,4440000.00,4436000.00,4434000.00,4429078.00,4424161.46,..
CHL,Chile,13187821.00,13429315.00,13678373.00,13929390.00,14174890.00,14409416.00,14630769.00,14840038.00,15039162.00,15231557.00,15419820.00,15604200.00,15783991.00,15959793.00,16132209.00,16301726.00,16468677.00,16633254.00,16795593.00,16955737.00,17113688.00,..
CHN,China,1135185000.00,1150780000.00,1164970000.00,1178440000.00,1191835000.00,1204855000.00,1217550000.00,1230075000.00,1241935000.00,1252735000.00,1262645000.00,1271850000.00,1280400000.00,1288400000.00,1296075000.00,1303720000.00,1311020000.00,1317885000.00,1324655000.00,1331380000.00,1338299511.50,..
KNA,St. Kitts and Nevis,42025.00,41800.00,41585.14,41380.28,41185.27,41000.00,40870.00,40740.00,40130.00,42260.00,44286.00,46111.00,46710.00,46710.00,48543.00,49173.00,49811.00,50455.00,51102.00,51752.00,52402,..
SLE,Sierra Leone,3981567.00,3995290.00,3979553.00,3946835.00,3915066.00,3898363.00,3898177.00,3913681.00,3953705.00,4028260.00,4143115.00,4303850.00,4505515.00,4730020.00,4952134.00,5153435.00,5327364.00,5478289.00,5612129.00,5739293.00,5867536.00,..
JAM,Jamaica,2390000.00,2406041.99,2423043.61,2441023.65,2460002.05,2480000.00,2509923.43,2534068.68,2556780.05,2574289.36,2589388.55,2604788.62,2617495.22,2625700.00,2638100.00,2650400.00,2663100.00,2675800.00,2687200.00,2695600.00,2702300.00,..
SMR,San Marino,24134.00,24442.00,24769.00,25098.00,25406.00,25678.00,25897.00,26077.00,26271.00,26551.00,26967.00,27543.00,28251.00,29013.00,29722.00,30301.00,30721.00,31007.00,31198.00,31359.00,31534,..
GIB,Gibraltar,26830.00,26921.00,27032.00,27145.00,27233.00,27283.00,27279.00,27231.00,27188.00,27214.00,27348.00,27615.00,27989.00,28410.00,28793.00,29075.00,29237.00,29296.00,29287.00,29257.00,29244,..
DJI,Djibouti,562290.00,581641.00,594437.00,603534.00,613219.00,626537.00,644434.00,665755.00,688940.00,711573.00,731930.00,749604.00,765283.00,779640.00,793738.00,808367.00,823682.00,839453.00,855636.00,872090.00,888716,..
GIN,Guinea,5759374.00,6083795.00,6466435.00,6871525.00,7249558.00,7565235.00,7805735.00,7982155.00,8112650.00,8226138.00,8344486.00,8472339.00,8604936.00,8743954.00,8889321.00,9041448.00,9201941.00,9373619.00,9559110.00,9761217.00,9981590.00,..
FIN,Finland,4986000.00,5014000.00,5042000.00,5066000.00,5089000.00,5108000.00,5125000.00,5139835.00,5153000.00,5165446.69,5176197.68,5187995.41,5200596.88,5212995.69,5228143.17,5246096.00,5266268.00,5288720.00,5313399.00,5338871.00,5363624.00,..
URY,Uruguay,3109122.00,3131140.00,3153857.00,3177035.00,3200342.00,3223401.00,3235549.00,3256181.75,3273776.90,3288819.06,3300847.41,3308356.42,3308526.68,3303539.57,3301732.00,3305723.00,3314466.00,3323906.00,3334052.00,3344938.00,3356584.00,..
THA,Thailand,57072058.00,57711519.00,58225969.00,58671177.00,59126690.00,59650157.00,60258113.00,60933752.00,61660383.00,62408639.00,63155029.00,63898879.00,64642931.00,65370277.00,66060383.00,66698483.00,67276383.00,67796451.00,68267982.00,68706122.00,69122234.00,..
SYC,Seychelles,70000.00,70754.99,71656.99,72711.41,73924.61,75304.00,76417.00,77319.00,78846.00,80410.00,81131.00,81202.00,83700.00,82800.00,82500.00,82900.00,84600.00,85033.00,86956.00,87298.00,86525,..
NPL,Nepal,19081064.00,19554170.00,20042806.00,20546441.00,21064150.00,21594872.00,22137784.00,22691788.00,23255046.00,23825372.00,24400606.00,24980184.00,25562573.00,26143530.00,26717875.00,27281945.00,27833665.00,28373838.00,28905358.00,29432743.00,29959364.00,..
LAO,Lao PDR,4192414.00,4312348.00,4434570.00,4557216.00,4677981.00,4795112.00,4907960.00,5016576.00,5120845.00,5220920.00,5317060.00,5408912.00,5496700.00,5582028.00,5667055.00,5753341.00,5841572.00,5931385.00,6022001.00,6112143.00,6200894,..
YEM,Yemen Rep.,11948209.00,12540234.00,13190192.00,13867656.00,14530275.00,15148172.00,15710211.00,16226938.00,16716850.00,17208494.00,17723186.00,18266008.00,18831819.00,19419710.00,20026117.00,20648643.00,21288070.00,21946990.00,22626595.00,23328214.00,24052514,..
PHL,Philippines,61628668.00,63146876.00,64659225.00,66173874.00,67703053.00,69255386.00,70831419.00,72427130.00,74040838.00,75669587.00,77309965.00,78964389.00,80630416.00,82293990.00,83936698.00,85546427.00,87116275.00,88652631.00,90173139.00,91703090.00,93260798.00,..
ZAF,South Africa,35200000.00,35933107.76,36690738.76,37473796.40,38283222.67,39120000.00,40000246.95,40926063.04,41899682.78,42923484.53,44000000.00,44909738.00,45533292.00,46116494.00,46664771.00,47198469.00,47730946.00,48257282.00,48793022.00,49320150.00,49991300.00,..
KIR,Kiribati,71845.00,73163.00,74263.00,75227.00,76188.00,77248.00,78431.00,79713.00,81085.00,82524.00,84010.00,85550.00,87147.00,88776.00,90398.00,91988.00,93534.00,95043.00,96532.00,98027.00,99546,..
VIR,Virgin Islands (U.S.),103963.00,104807.00,105711.00,106577.00,107317.00,107817.00,108093.00,108355.00,108535.00,108596.00,108639.00,108747.00,108923.00,109148.00,109354.00,109600.00,109764.00,109821.00,109840.00,109825.00,109775,..
SYR,Syrian Arab Republic,12324116.00,12690183.00,13063423.00,13438799.00,13809349.00,14171130.00,14518843.00,14856464.00,15200324.00,15572833.00,15988534.00,16454926.00,16962918.00,17490104.00,18004797.00,18484122.00,18860939.31,19245438.42,19637775.93,20038111.63,20446608.57,..
MAC,Macao SAR China,359709.00,369493.00,377886.00,385193.00,391906.00,398426.00,404808.00,411050.00,417435.00,424292.00,431867.00,440265.00,449472.00,459456.00,470127.00,481390.00,493267.00,505709.00,518463.00,531195.00,543656,..
LIE,Liechtenstein,28986.00,29370.00,29760.00,30154.00,30549.00,30941.00,31328.00,31710.00,32090.00,32470.00,32853.00,33239.00,33626.00,34006.00,34365.00,34696.00,34995.00,35266.00,35521.00,35772.00,36032,..
MAF,St. Martin (French part),30036.00,31821.00,32892.00,33238.00,33098.00,32712.00,32102.00,31304.00,30358.00,29305.00,28384.00,27782.00,27450.00,27363.00,27514.00,27906.00,28414.00,28905.00,29376.00,29820.00,30235,..
MLT,Malta,360000.00,363193.42,366584.96,370179.62,373982.74,378000.00,380000.00,383000.00,385000.00,388000.00,390000.00,393028.00,395969.00,398582.00,401268.00,403837.00,406408.00,409050.00,411950.00,413290.00,412961,..
KAZ,Kazakhstan,16348000.00,16450500.00,16439095.17,16330419.00,16095198.94,15815626.38,15577894.26,15333703.04,15071300.13,14928425.85,14883626.00,14858335.00,14858948.00,14909019.00,15012984.00,15147029.00,15308085.00,15484192.00,15673999.00,15925000.00,16316050.00,..
TCA,Turks and Caicos Islands,11549.00,12216.00,13005.00,13848.00,14644.00,15333.00,15859.00,16275.00,16763.00,17573.00,18873.00,20728.00,23044.00,25625.00,28191.00,30531.00,32590.00,34404.00,35960.00,37271.00,38354,..
ZAR,Congo Dem. Rep.,36406226.00,37856212.00,39443819.00,41081774.00,42650247.00,44067369.00,45295039.00,46369335.00,47373590.00,48429878.00,49626200.00,50989424.00,52491329.00,54098245.00,55754885.00,57420522.00,59088415.00,60772175.00,62474901.00,64204304.00,65965795.00,..
PYF,French Polynesia,195383.00,199464.00,203481.00,207494.00,211583.00,215798.00,220172.00,224667.00,229171.00,233532.00,237638.00,241448.00,245000.00,248357.00,251622.00,254870.00,258119.00,261345.00,264541.00,267685.00,270764,..
NIU,Niue,2333.00,2292.00,2260.00,2233.00,2204.00,2168.00,2123.00,2069.00,2011.00,1953.00,1900.00,1852.00,1809.00,1768.00,1728.00,1686.00,1643.00,1598.00,1555.00,1511.00,1468,..
DMA,Dominica,70926.00,70842.00,70962.00,71181.00,71350.00,71364.00,71184.00,70846.00,70419.00,70003.00,69672.00,69447.00,69301.00,69200.00,69087.00,68925.00,68700.00,68434.00,68159.00,67922.00,67757,..
KSV,Kosovo,1862000.00,1898000.00,1932000.00,1965000.00,1997000.00,2029000.00,2059000.00,2086000.00,1966000.00,1762000.00,1700000.00,1721000.00,1737000.00,1748000.00,1757000.00,1767000.00,1777000.00,1785000.00,1795000.00,1805000.00,1815000.00,..
BEN,Benin,4773137.00,4934077.00,5108335.00,5290562.00,5473217.00,5651141.00,5821985.00,5988093.00,6154708.00,6329476.00,6517810.00,6721337.00,6937985.00,7164976.00,7397985.00,7633757.00,7871707.00,8112573.00,8355980.00,8601771.00,8849892.00,..
NGA,Nigeria,97552057.00,99986136.00,102444773.00,104931559.00,107452627.00,110014688.00,112618306.00,115268715.00,117983368.00,120784408.00,123688536.00,126704722.00,129832447.00,133067097.00,136399438.00,139823340.00,143338939.00,146951477.00,150665730.00,154488072.00,158423182,..
BEL,Belgium,9967400.00,10004500.00,10045000.00,10084500.00,10115600.00,10136800.00,10157000.00,10181000.00,10203000.00,10226000.00,10252000.00,10287000.00,10333000.00,10376133.00,10421137.00,10478617.00,10547958.00,10625700.00,10709973.00,10796493.00,10879159.00,..
TGO,Togo,3665509.00,3747750.00,3822591.00,3897510.00,3982804.00,4085492.00,4208738.00,4349349.00,4500173.00,4650754.00,4793504.00,4926142.00,5050919.00,5170252.00,5288273.00,5408044.00,5529908.00,5652811.00,5776837.00,5901859.00,6027798.00,..
DEU,Germany,79433000.00,80014000.00,80624000.00,81156000.00,81516000.00,81642000.00,81912000.00,82071000.00,82047000.00,82087000.00,82210000.00,82333000.00,82508000.00,82541000.00,82516250.00,82469400.00,82376451.00,82266372.00,82110097.00,81902307.00,81702329.00,..
GUM,Guam,133914.00,136518.00,138981.00,141304.00,143492.00,145559.00,147481.00,149279.00,151065.00,152987.00,155147.00,157596.00,160292.00,163121.00,165918.00,168565.00,171024.00,173334.00,175538.00,177707.00,179896,..
LKA,Sri Lanka,17337048.00,17542866.00,17740936.00,17925624.00,18089720.00,18229498.00,18340596.00,18428257.00,18510095.00,18610110.00,18745084.00,18921794.00,19134096.00,19369853.00,19610604.00,19842536.00,20062070.00,20272269.00,20473799.00,20669142.00,20859949.00,..
GBR,United Kingdom,57247586.00,57424897.00,57580403.00,57718614.00,57865745.00,58019030.00,58166950.00,58316955.00,58487141.00,58682466.00,58892514.00,59107960.00,59325809.00,59566259.00,59867866.00,60224307.00,60595632.00,60986649.00,61393521.00,61801570.00,62218761.00,..
GUY,Guyana,724931.00,723448.00,723615.00,724909.00,726552.00,727979.00,728990.00,729743.00,730458.00,731496.00,733101.00,735327.00,738011.00,740925.00,743743.00,746235.00,748321.00,750068.00,751578.00,753013.00,754493,..
CRI,Costa Rica,3070240.00,3147451.00,3224849.00,3303412.00,3384498.00,3468918.00,3557095.00,3648263.00,3740578.00,3831504.00,3919180.00,4002946.00,4083197.00,4160438.00,4235605.00,4309413.00,4381820.00,4452608.00,4522124.00,4590790.00,4658887.00,..
CMR,Cameroon,12180819.00,12529904.00,12882506.00,13236573.00,13589699.00,13940337.00,14287475.00,14631908.00,14976200.00,15324051.00,15678269.00,16039737.00,16408085.00,16783366.00,17165267.00,17553589.00,17948395.00,18350022.00,18758778.00,19175028.00,19598889.00,..
MAR,Morocco,24781105.00,25237951.00,25679802.00,26107772.00,26523600.00,26928600.00,27323664.00,27708647.00,28082684.00,28444414.00,28793236.00,29129204.00,29453931.00,29770316.00,30082152.00,30392473.00,30702084.00,31011199.00,31321453.00,31634524.00,31951412,..
ROM,Romania,23207000.00,23185000.00,22789000.00,22755000.00,22731000.00,22681000.00,22608000.00,22554000.00,22503000.00,22457994.00,22443000.00,22132000.00,21803129.00,21742013.00,21684890.00,21634371.00,21587666.00,21546873.00,21513622.00,21480401.00,21442012.00,..
MNP,Northern Mariana Islands,43973.00,46727.00,49456.00,52161.00,54852.00,57517.00,60173.00,62766.00,65138.00,67075.00,68432.00,69184.00,69393.00,69105.00,68404.00,67381.00,66006.00,64349.00,62707.00,61473.00,60917,..
LSO,Lesotho,1639177.00,1669190.00,1699284.00,1729896.00,1761558.00,1794531.00,1829222.00,1865218.00,1900962.00,1934337.00,1963878.00,1988983.00,2010261.00,2028976.00,2047006.00,2065752.00,2085561.00,2106128.00,2127412.00,2149201.00,2171318.00,..
HUN,Hungary,10373988.00,10373400.00,10369341.00,10357522.00,10343355.00,10328965.00,10311238.00,10290486.00,10266570.00,10237530.00,10210971.00,10187576.00,10158608.00,10129552.00,10107146.00,10087065.00,10071370.00,10055780.00,10038188.00,10022650.00,10008703.00,..
TKM,Turkmenistan,3668000.00,3772350.00,3881973.00,3991917.00,4095512.00,4188010.00,4267690.00,4335991.00,4395293.00,4449427.00,4501419.00,4551737.00,4600093.00,4647912.00,4696771.00,4747839.00,4801847.00,4858843.00,4918396.00,4979672.00,5041995.00,..
VCT,St. Vincent and the Grenadines,107449.00,107755.00,107950.00,108051.00,108089.00,108087.00,108049.00,107979.00,107907.00,107869.00,107891.00,107987.00,108150.00,108354.00,108566.00,108755.00,108918.00,109060.00,109178.00,109269.00,109333,..
TTO,Trinidad and Tobago,1215494.00,1224233.00,1233753.00,1243590.00,1253000.00,1261443.00,1268851.00,1275460.00,1281396.00,1286871.00,1292058.00,1296962.00,1301576.00,1306065.00,1310622.00,1315386.00,1320418.00,1325672.00,1331040.00,1336349.00,1341465.00,..
NLD,Netherlands,14952000.00,15070000.00,15178000.00,15279096.95,15381133.00,15460000.00,15517000.00,15607000.00,15698000.00,15805000.00,15925513.00,16046180.00,16148929.00,16225302.00,16281779.00,16319868.00,16346101.00,16381696.00,16445593.00,16530388.00,16612213.00,..
BMU,Bermuda,60500.00,61000.00,61000.00,61000.00,61300.00,61700.00,61785.96,61872.04,61958.24,62044.56,62131.00,62460.00,62750.00,63040.00,63320.00,63570.00,63800.00,64000.00,64200.00,64400.00,64600,..
TCD,Chad,6011224.00,6197766.00,6387856.00,6583079.00,6785842.00,6998108.00,7219081.00,7448585.00,7689836.00,7946982.00,8222327.00,8517944.00,8831199.00,9153893.00,9474792.00,9785902.00,10084087.00,10371839.00,10653762.00,10937089.00,11227208.00,..
GEO,Georgia,4802000.00,4835900.00,4873500.00,4911100.00,4861600.00,4734000.00,4616100.00,4531600.00,4487300.00,4452500.00,4418300.00,4386400.00,4357000.00,4328900.00,4318300.00,4361200.00,4398000.00,4388400.00,4383700.00,4410800.00,4452800.00,..
MNE,Montenegro,608816.00,617144.00,625630.00,633443.00,639542.00,643227.00,644121.00,642533.00,639309.00,635689.00,632606.00,630299.00,628594.00,627500.00,626912.00,626739.00,627074.00,627962.00,629185.00,630435.00,631490,..
MNG,Mongolia,2192553.00,2226469.00,2251861.00,2271236.00,2288370.00,2306131.00,2325369.00,2345618.00,2366895.00,2388862.00,2411369.00,2434515.00,2458853.00,2485177.00,2514462.00,2547339.00,2584143.00,2624509.00,2667474.00,2711659.00,2756001.00,..
MHL,Marshall Islands,47288.00,48469.00,49369.00,50040.00,50565.00,51008.00,51389.00,51697.00,51930.00,52080.00,52145.00,52131.00,52066.00,51992.00,51968.00,52037.00,52210.00,52487.00,52880.00,53396.00,54038,..
BLZ,Belize,189000.00,194000.00,199000.00,205000.00,211000.00,216500.00,222000.00,230000.00,238500.00,243100.00,249800.00,257300.00,265200.00,273700.00,282600.00,291800.00,301386.00,311500.00,322100.00,333200.00,344700,..
MMR,Myanmar,39268304.00,39855885.00,40425088.00,40985963.00,41552659.00,42133199.00,42735941.00,43352191.00,43952526.00,44496687.00,44957660.00,45323903.00,45609292.00,45843675.00,46070248.00,46321162.00,46605278.00,46915826.00,47250315.00,47601374.00,47963012.00,..
AFG,Afghanistan,19023678.00,19668810.29,20335820.34,21025450.09,21738466.61,22475663.00,23131309.06,23806081.22,24500537.42,25215251.86,25950815.50,26697430.19,27465525.27,28255718.73,29068646.36,29904962.21,30751661.41,31622333.20,32517656.32,33438328.72,34385068.12,..
BDI,Burundi,5601720.00,5724030.00,5835071.00,5933293.00,6017127.00,6086751.00,6140258.00,6181493.00,6223515.00,6283662.00,6374347.00,6499653.00,6656071.00,6838764.00,7039534.00,7251424.00,7474363.00,7707781.00,7943385.00,8170853.00,8382849.00,..
BLR,Belarus,10189000.00,10194000.00,10216000.00,10239000.00,10227000.00,10194000.00,10160000.00,10117000.00,10069000.00,10035000.00,10005000.00,9970260.06,9925000.00,9873968.35,9824469.45,9775591.49,9732500.00,9702000.00,9602000.00,9507000.00,9490500.00,..
GRD,Grenada,96200.00,96368.00,97113.00,98212.00,99313.00,100163.00,100707.00,101039.00,101219.00,101354.00,101522.00,101731.00,101954.00,102195.00,102455.00,102734.00,103037.00,103368.00,103723.00,104097.00,104487,..
GRC,Greece,10161000.00,10260000.00,10370000.00,10466000.00,10553000.00,10634000.00,10709000.00,10777000.00,10835000.00,10883000.00,10917482.00,10949957.00,10987543.00,11023514.00,11061701.00,11103965.00,11148460.00,11192763.00,11237094.00,11282760.00,11319048.00,..
GRL,Greenland,55600.00,55500.00,55300.00,55200.00,55500.00,55800.00,55900.00,56000.00,56100.00,56100.00,56200.00,56350.00,56600.00,56765.00,56912.00,56935.00,56774.00,56555.00,56328.00,56323.00,56534,..
ZWE,Zimbabwe,10469202.00,10748215.00,11005690.00,11244552.00,11469872.00,11684693.00,11891290.00,12086519.00,12261742.00,12405236.00,12509477.00,12575015.00,12607791.00,12612956.00,12597877.00,12570686.00,12529655.00,12481245.00,12451543.00,12473992.00,12571454,..
MOZ,Mozambique,13547076.00,13867422.00,14318167.00,14854590.00,15409381.00,15933452.00,16412893.00,16862385.00,17295521.00,17735992.00,18200656.00,18691461.00,19200021.00,19721009.00,20246287.00,20770013.00,21290952.00,21811326.00,22332900.00,22858607.00,23390765.00,..
TJK,Tajikistan,5303152.00,5418785.00,5519021.00,5607922.00,5691845.00,5775404.00,5860334.00,5945181.00,6027676.00,6104268.00,6172807.00,6232587.00,6285809.00,6336724.00,6391120.00,6453240.00,6524634.00,6604426.00,6691416.00,6783390.00,6878637.00,..
HTI,Haiti,7124877.00,7273530.00,7422881.00,7573160.00,7724690.00,7877569.00,8031903.00,8187204.00,8342233.00,8495358.00,8645371.00,8791931.00,8935252.00,9075399.00,9212634.00,9347262.00,9479136.00,9608453.00,9736332.00,9864241.00,9993247,..
MEX,Mexico,84306602.00,85923799.00,87523328.00,89109703.00,90691331.00,92272749.00,93858373.00,95441345.00,97001933.00,98513690.00,99959594.00,101329543.00,102634153.00,103902569.00,105175967.00,106483757.00,107835259.00,109220753.00,110627158.00,112033369.00,113423047,..
LCA,St. Lucia,134100.00,136000.00,137151.00,139908.00,142689.00,145437.00,147062.00,149666.00,151952.00,153703.00,155996.00,157897.00,159133.00,160620.00,162434.00,164791.00,166838.00,168338.00,170204.56,172091.82,174000,..
IND,India,849515000.00,866530000.00,882821000.00,899329000.00,915697000.00,932180000.00,948758852.89,965428183.11,982182462.14,999016010.50,1015923000.00,1032473426.10,1048640720.59,1064398611.55,1079721193.95,1094583000.00,1109811147.45,1124786997.10,1139964931.64,1155347678.03,1170938000.00,..
LVA,Latvia,2670700.00,2662000.00,2632000.00,2586000.00,2548000.00,2515000.00,2491000.00,2450000.00,2410000.00,2390000.00,2372000.00,2359000.00,2338000.00,2325342.00,2312819.00,2300512.00,2287948.00,2276100.00,2266094.00,2254834.00,2242916.00,..
BTN,Bhutan,558500.00,555747.00,546356.00,533895.00,523417.00,518584.00,520529.00,528222.00,540507.00,555377.00,571262.00,588050.00,606024.00,624431.00,642400.00,659293.00,674681.00,688581.00,701363.00,713665.00,725940,..
VNM,Vietnam,66016700.00,67242400.00,68450100.00,69644500.00,70824500.00,71995500.00,73156700.00,74306900.00,75456300.00,76596700.00,77630900.00,78621000.00,79538700.00,80468400.00,81437700.00,82393500.00,83313000.00,84221100.00,85122300.00,86024600.00,86936464.42,..
NOR,Norway,4241500.00,4261700.00,4286400.00,4312000.00,4336600.00,4360000.00,4381000.00,4404100.00,4432000.00,4460000.00,4491000.00,4513000.00,4538000.00,4564855.00,4591910.00,4623291.00,4660677.00,4709153.00,4768212.00,4828726.00,4885240.00,..
CZE,Czech Republic,10363000.00,10309000.00,10318000.00,10331000.00,10336000.00,10331000.00,10315000.00,10304100.00,10294900.00,10283000.00,10273300.00,10224000.00,10204853.00,10207362.00,10216016.00,10235828.00,10269134.00,10334160.00,10424336.00,10487178.00,10525090.00,..
TMP,Timor-Leste,743145.00,767267.00,794561.00,821141.00,841687.00,852817.00,852280.00,842341.00,829617.00,823386.00,830089.00,852522.00,888099.00,931324.00,974024.00,1010367.00,1038572.00,1060770.00,1079749.00,1099887.00,1124355.00,..
ATG,Antigua and Barbuda,62202.00,62754.00,63802.00,65238.00,66895.00,68642.00,70450.00,72322.00,74190.00,75985.00,77656.00,79165.00,80507.00,81716.00,82838.00,83916.00,84952.00,85935.00,86881.00,87802.00,88710,..
FJI,Fiji,728390.00,735262.00,744396.00,754981.00,765725.00,775651.00,784713.00,793165.00,800685.00,806927.00,811718.00,814780.00,816336.00,817339.00,819102.00,822553.00,828046.00,835267.00,843651.00,852323.00,860623,..
HND,Honduras,4889311.00,5026843.00,5165380.00,5303798.00,5440691.00,5575099.00,5706605.00,5835607.00,5963008.00,6090164.00,6218151.00,6347272.00,6477525.00,6609337.00,6743128.00,6879243.00,7017769.00,7158819.00,7302742.00,7449923.00,7600524.00,..
MUS,Mauritius,1057000.00,1066655.86,1081000.00,1097000.00,1113000.00,1122457.00,1133996.00,1148284.00,1160421.00,1175267.00,1186873.00,1199881.00,1210196.00,1222811.00,1233386.00,1243253.00,1252987.00,1260692.00,1268854.00,1275323.00,1281214.00,..
DOM,Dominican Republic,7194666.00,7339826.00,7485619.00,7631076.00,7774932.00,7916309.00,8054768.00,8190620.00,8324680.00,8458164.00,8591967.00,8726256.00,8860760.00,8995398.00,9129965.00,9264267.00,9398285.00,9531954.00,9664948.00,9796852.00,9927320,..
LUX,Luxembourg,381850.00,387000.00,392175.00,397475.00,402925.00,408625.00,414225.00,419450.00,424700.00,430475.00,436300.00,441525.00,446175.00,451630.00,458095.00,465158.00,472637.00,479993.00,488650.00,497783.00,505831,..
ISR,Israel,4660000.00,4949000.00,5123000.00,5261000.00,5399000.00,5545000.00,5692000.00,5836000.00,5971000.00,6125000.00,6289000.00,6439000.00,6570000.00,6689700.00,6809000.00,6930100.00,7053700.00,7180100.00,7308800.00,7485600.00,7624600.00,..
FSM,Micronesia Fed. Sts.,96319.00,98749.00,101314.00,103780.00,105825.00,107233.00,107904.00,107947.00,107605.00,107237.00,107103.00,107290.00,107728.00,108325.00,108926.00,109419.00,109789.00,110092.00,110367.00,110676.00,111064,..
PER,Peru,21685537.00,22122065.00,22553275.00,22980182.00,23404523.00,23827163.00,24248671.00,24667356.00,25079136.00,25478577.00,25861887.00,26228274.00,26579252.00,26916342.00,27242033.00,27558769.00,27866387.00,28166078.00,28463338.00,28765162.00,29076512.00,..
SXM,Sint Maarten (Dutch part),..,..,..,..,..,..,..,..,31240.00,31084.00,30519.40,31189.00,32566.00,33791.00,35318.00,36936.00,38272.00,39464.00,40459.00,39133.00,37850.4582169604,..
IDN,Indonesia,184345939.00,187451800.00,190512441.00,193525648.00,196488446.00,199400339.00,202257039.00,205063468.00,207839287.00,210610776.00,213395411.00,216203499.00,219026365.00,221839235.00,224606531.00,227303175.00,229918547.00,232461746.00,234951154.00,237414495.00,239870937.00,..
VUT,Vanuatu,146636.00,150791.00,155270.00,159857.00,164254.00,168263.00,171783.00,174921.00,177946.00,181239.00,185074.00,189544.00,194555.00,199968.00,205561.00,211170.00,216760.00,222377.00,228041.00,233790.00,239651,..
MKD,Macedonia FYR,1909353.00,1922774.00,1934265.00,1944343.00,1953874.00,1963484.00,1973283.00,1982994.00,1992404.00,2001178.00,2009091.00,2016075.00,2022255.00,2027819.00,2033039.00,2038109.00,2043091.00,2047922.00,2052524.00,2056769.00,2060563.00,..
SUR,Suriname,406890.00,413011.00,418828.00,424455.00,430102.00,435920.00,441896.00,447957.00,454124.00,460419.00,466846.00,473431.00,480132.00,486800.00,493236.00,499294.00,504913.00,510136.00,515066.00,519861.00,524636,..
COG,Congo Rep.,2388902.00,2453938.00,2520196.00,2588270.00,2658948.00,2732706.00,2810118.00,2890841.00,2973329.00,3055437.00,3135773.00,3213330.00,3288923.00,3365171.00,3445765.00,3533177.00,3628561.00,3730612.00,3836339.00,3941454.00,4042899.00,..
ISL,Iceland,254800.00,258000.00,261100.00,263800.00,266000.00,268000.00,270000.00,272000.00,274000.00,277500.00,281000.00,285000.00,288000.00,289521.00,292074.00,296734.00,303782.00,311566.00,317414.00,318499.00,317398,..
COK,Cook Islands,17614.00,17730.00,17909.00,18105.00,18252.00,18307.00,18246.00,18095.00,17919.00,17808.00,17830.00,18007.00,18311.00,18693.00,19075.00,19402.00,19659.00,19861.00,20019.00,20156.00,20288,..
COM,Comoros,437876.00,448576.00,459515.00,470765.00,482401.00,494486.00,507062.00,520151.00,533754.00,547864.00,562469.00,577569.00,593170.00,609271.00,625876.00,642974.00,660559.00,678602.00,697034.00,715774.00,734750,..
COL,Colombia,33203321.00,33849971.00,34497319.00,35146220.00,35797965.00,36453337.00,37112621.00,37775054.00,38439099.00,39102653.00,39764166.00,40422597.00,41078136.00,41731914.00,42385712.00,43040558.00,43696540.00,44352327.00,45005782.00,45654044.00,46294841.00,..
PRT,Portugal,9896000.00,9935000.00,9963000.00,9974000.00,9998000.00,10027000.00,10055000.00,10089000.00,10129000.00,10174000.00,10225836.00,10292999.00,10368403.00,10441075.00,10501970.00,10549424.00,10584344.00,10608335.00,10622413.00,10632482.00,10642841.00,..
MDA,Moldova,3696000.00,3706000.00,3709000.00,3705000.00,3694000.00,3675099.00,3667748.00,3659655.00,3652771.00,3646999.00,3639588.00,3631460.00,3623059.00,3612869.00,3603934.00,3595182.00,3585520.00,3576904.00,3570107.00,3565603.00,3562062.00,..
STP,Sao Tome and Principe,116117.00,118512.00,120835.00,123137.00,125488.00,127935.00,130499.00,133152.00,135838.00,138475.00,141010.00,143430.00,145761.00,148038.00,150311.00,152622.00,154970.00,157361.00,159852.00,162515.00,165397,..
MDG,Madagascar,11280625.00,11620718.00,11974724.00,12343496.00,12728117.00,13129227.00,13547271.00,13981666.00,14430739.00,14892172.00,15364272.00,15846412.00,16338968.00,16842482.00,17357913.00,17885967.00,18426870.00,18980391.00,19546282.00,20124150.00,20713819,..
ECU,Ecuador,10260587.00,10493498.00,10725281.00,10953182.00,11173647.00,11384506.00,11584074.00,11774005.00,11959586.00,12148188.00,12345023.00,12552036.00,12767415.00,12987992.00,13208869.00,13426402.00,13639708.00,13849721.00,14056740.00,14261566.00,14464739.00,..
SEN,Senegal,7241573.00,7461567.00,7686866.00,7915080.00,8143140.00,8369125.00,8591861.00,8812695.00,9035367.00,9265135.00,9505862.00,9758841.00,10023194.00,10297956.00,10581316.00,10871908.00,11169549.00,11474661.00,11787123.00,12106865.00,12433728.00,..
MDV,Maldives,219474.00,225709.00,231756.00,237606.00,243256.00,248712.00,253960.00,259002.00,263867.00,268600.00,273236.00,277791.00,282266.00,286665.00,290988.00,295240.00,299419.00,303539.00,307632.00,311739.00,315885,..
ASM,American Samoa,47052.00,48402.00,49648.00,50801.00,51885.00,52919.00,53901.00,54834.00,55745.00,56667.00,57625.00,58633.00,59687.00,60774.00,61871.00,62962.00,64045.00,65130.00,66217.00,67312.00,68420,..
CUW,Curacao,..,..,..,..,..,..,..,..,144472.00,139428.42,133860.22,128752.13,128182.00,130006.00,131591.06,134464.66,137490.00,139841.00,141279.00,141972.00,142668.399295012,..
FRA,France,58183174.00,58454894.00,58711078.00,58955673.00,59194619.00,59433490.00,59670985.00,59909141.00,60160764.00,60351778.00,60762169.00,61201676.00,61644062.00,62078165.00,62532556.00,63001253.00,63437350.00,63826178.00,64188219.00,64542729.00,64876618.4337123,..
LTU,Lithuania,3698000.00,3704000.00,3700000.00,3683000.00,3658000.00,3632000.00,3605000.00,3580000.00,3555000.00,3531000.00,3499536.00,3481292.00,3469070.00,3454205.00,3435591.00,3414304.00,3394082.00,3375618.00,3358115.00,3339456.00,3320656.00,..
RWA,Rwanda,7109538.00,6871192.00,6452688.00,5984449.00,5648306.00,5570206.00,5803830.00,6297733.00,6944116.00,7582861.00,8098344.00,8456968.00,8696378.00,8857859.00,9009655.00,9201727.00,9441406.00,9710531.00,10004092.00,10311275.00,10624005.00,..
ZMB,Zambia,7860053.00,8067972.00,8272498.00,8478471.00,8692599.00,8919456.00,9161931.00,9418120.00,9682058.00,9945115.00,10201562.00,10449825.00,10693471.00,10938261.00,11192422.00,11462365.00,11750105.00,12055384.00,12379612.00,12723746.00,12926409,..
GMB,Gambia The,966151.00,1001252.00,1033748.00,1064522.00,1094974.00,1126183.00,1158308.00,1191155.00,1225044.00,1260283.00,1297084.00,1335674.00,1376035.00,1417818.00,1460493.00,1503678.00,1547259.00,1591357.00,1636107.00,1681734.00,1728394.00,..
FRO,Faeroe Islands,47558.00,46995.00,46050.00,44953.00,44022.00,43483.00,43416.00,43746.00,44358.00,45070.00,45743.00,46358.00,46944.00,47472.00,47915.00,48258.00,48475.00,48572.00,48597.00,48625.00,48708,..
GTM,Guatemala,8923131.00,9131088.00,9345130.00,9564571.00,9788284.00,10015675.00,10246429.00,10481515.00,10723154.00,10974314.00,11237101.00,11512637.00,11800351.00,12098576.00,12404764.00,12717154.00,13034904.00,13358842.00,13690846.00,14033623.00,14388929,..
DNK,Denmark,5140000.00,5154000.00,5170000.00,5189000.00,5205000.00,5228000.00,5262000.00,5284220.00,5301000.00,5319111.00,5337344.00,5355082.00,5374255.00,5387174.00,5401177.00,5415978.00,5437272.00,5461438.00,5493621.00,5523095.00,5544139.00,..
UKR,Ukraine,51892000.00,52000469.74,52150265.73,52179209.70,51921041.29,51512298.61,51057188.98,50594105.02,50143939.13,49673349.99,49175847.64,48683864.58,48202500.00,47812950.00,47451600.00,47105150.00,46787750.00,46509350.00,46258200.00,46053300.00,45870700.00,..
AUS,Australia,17065100.00,17284000.00,17495000.00,17667000.00,17855000.00,18072000.00,18311000.00,18517000.00,18711000.00,18926000.00,19153000.00,19413000.00,19651400.00,19895400.00,20127400.00,20394800.00,20697900.00,21072500.00,21498500.00,21951700.00,22328800.00,..
AUT,Austria,7710882.00,7798899.00,7782519.00,7928746.00,7928746.00,7953067.00,7964966.00,7971116.00,7982461.00,8002186.00,8011560.51,8043015.64,8083639.30,8117800.00,8174700.00,8233300.00,8282424.00,8300788.00,8336926.00,8365275.00,8384745.00,..
IMY,Isle of Man,70313.00,70963.00,71305.00,71484.00,71724.00,72183.00,72908.00,73832.00,74870.00,75892.00,76803.00,77577.00,78246.00,78840.00,79410.00,79994.00,80598.00,81203.00,81798.00,82358.00,82869,..
ADO,Andorra,52773.00,54996.00,57767.00,60670.00,63111.00,64699.00,65227.00,64905.00,64246.00,63985.00,64634.00,66390.00,69043.00,72203.00,75292.00,77888.00,79874.00,81390.00,82577.00,83677.00,84864,..
PLW,Palau,15089.00,15471.00,15894.00,16345.00,16804.00,17254.00,17694.00,18122.00,18522.00,18876.00,19172.00,19402.00,19573.00,19698.00,19803.00,19906.00,20011.00,20118.00,20228.00,20346.00,20472,..
KEN,Kenya,23447177.00,24240108.00,25042330.00,25846436.00,26642887.00,27425720.00,28191597.00,28944780.00,29696410.00,30462154.00,31253701.00,32076186.00,32927864.00,33805301.00,34702176.00,35614576.00,36540948.00,37485246.00,38455418.00,39462188.00,40512682.00,..
WSM,Samoa,161308.00,162504.00,163790.00,165172.00,166662.00,168257.00,169969.00,171766.00,173543.00,175169.00,176549.00,177645.00,178488.00,179141.00,179699.00,180237.00,180766.00,181277.00,181809.00,182401.00,183081,..
TUR,Turkey,54130268.00,55068880.00,56012109.00,56959988.00,57911273.00,58864649.00,59821978.00,60783217.00,61742674.00,62692616.00,63627862.00,64544914.00,65446165.00,66339433.00,67235927.00,68143186.00,69063538.00,69992754.00,70923730.00,71846212.00,72752325.00,..
ALB,Albania,3289483.00,3291695.00,3266983.00,3224901.00,3179442.00,3141102.00,3112597.00,3091902.00,3079037.00,3072725.00,3071856.00,3077378.00,3089778.00,3106701.00,3124861.00,3141800.00,3156607.00,3169665.00,3181397.00,3192723.00,3204284.00,..
OMN,Oman,1868055.00,1947042.00,2031377.00,2113398.00,2182619.00,2232018.00,2258730.00,2266469.00,2262969.00,2259398.00,2264163.00,2279171.00,2302874.00,2335967.00,2378336.00,2429510.00,2490620.00,2561187.00,2636963.00,2712141.00,2782435.00,..
TUV,Tuvalu,9004.00,9056.00,9103.00,9148.00,9188.00,9227.00,9264.00,9298.00,9334.00,9374.00,9419.00,9471.00,9530.00,9590.00,9646.00,9694.00,9732.00,9762.00,9786.00,9806.00,9827,..
ITA,Italy,56719000.00,56758650.00,56797650.00,56832750.00,56844650.00,56846100.00,56862800.00,56893800.00,56910950.00,56921550.00,56948600.00,56980700.00,57157400.00,57604650.00,58175300.00,58607050.00,58941499.00,59375289.00,59832179.00,60192698.00,60483521.00,..
BRN,Brunei Darussalam,252125.00,259357.00,266794.00,274371.00,282000.00,289614.00,297188.00,304726.00,312216.00,319654.00,327036.00,334348.00,341585.00,348771.00,355943.00,363123.00,370317.00,377513.00,384695.00,391837.00,398920,..
TUN,Tunisia,8154400.00,8318200.00,8489900.00,8657400.00,8815400.00,8957500.00,9089300.00,9215000.00,9333300.00,9455900.00,9563500.00,9673600.00,9781900.00,9839800.00,9932400.00,10029000.00,10127900.00,10225100.00,10328900.00,10439600.00,10549100.00,..
RUS,Russian Federation,148292000.00,148624000.00,148689000.00,148520000.00,148336000.00,148141000.00,147739000.00,147304000.00,146899000.00,146309000.00,146303000.00,145949580.34,145299690.30,144599446.75,143849574.21,143150000.00,142500000.00,142100000.00,141950000.00,141850000.00,141750000.00,..
BRB,Barbados,259501.00,260351.00,261136.00,261885.00,262637.00,263416.00,264237.00,265088.00,265941.00,266758.00,267511.00,268192.00,268813.00,269389.00,269947.00,270503.00,271062.00,271618.00,272180.00,272750.00,273331,..
BRA,Brazil,149650206.00,152146887.00,154582103.00,156985824.00,159398558.00,161848162.00,164342524.00,166869168.00,169409713.00,171936271.00,174425387.00,176877135.00,179289227.00,181633074.00,183873377.00,185986964.00,187958211.00,189798070.00,191543237.00,193246610.00,194946470.00,..
CIV,Cote d'Ivoire,12517730.00,12945880.00,13381799.00,13820229.00,14253952.00,14677200.00,15089912.00,15492127.00,15878555.00,16242889.00,16581653.00,16892864.00,17180649.00,17455501.00,17731840.00,18020946.00,18325979.00,18646754.00,18987007.00,19350026.00,19737800.00,..
SRB,Serbia,7586000.00,7595636.00,7646424.35,7699306.77,7734639.24,7738986.60,7708878.21,7649630.75,7567745.00,7540401.00,7516346.00,7503433.00,7500031.00,7480591.00,7463157.00,7440769.00,7411569.00,7381579.00,7350221.00,7320807.00,7292574.00,..
GNQ,Equatorial Guinea,373887.00,386536.00,399843.00,413730.00,428005.00,442527.00,457321.00,472486.00,488039.00,504001.00,520380.00,537195.00,554429.00,571999.00,589794.00,607739.00,625777.00,643936.00,662327.00,681115.00,700401,..
USA,United States,249623000.00,252981000.00,256514000.00,259919000.00,263126000.00,266278000.00,269394000.00,272657000.00,275854000.00,279040000.00,282172000.00,285082000.00,287804000.00,290326000.00,293046000.00,295753000.00,298593000.00,301580000.00,304375000.00,307007000.00,309050816.00,..
QAT,Qatar,473722.00,482926.00,488204.00,491420.00,495126.00,501371.00,512422.00,528787.00,548828.00,569870.00,590957.00,608057.00,624173.00,653500.00,715146.00,820986.00,978336.00,1178192.00,1396060.00,1597765.00,1758793.00,..
SWE,Sweden,8559000.00,8617400.00,8668000.00,8718600.00,8780700.00,8831000.00,8843000.00,8849437.00,8851800.00,8857400.00,8869000.00,8894000.00,8924000.00,8956000.00,8991994.00,9024040.00,9080505.00,9148092.00,9219637.00,9298515.00,9379116.00,..
AZE,Azerbaijan,7159000.00,7271000.00,7382000.00,7495000.00,7597000.00,7685000.00,7763000.00,7838000.00,7913000.00,7983000.00,8048534.79,8111143.78,8171892.90,8234039.36,8306399.80,8391850.00,8484550.00,8581300.00,8763400.00,8947150.00,9047932.00,..
GNB,Guinea-Bissau,1016695.00,1037431.00,1058839.00,1080767.00,1103003.00,1125392.00,1147908.00,1170619.00,1193585.00,1216902.00,1240655.00,1264855.00,1289526.00,1314795.00,1340814.00,1367695.00,1395492.00,1424191.00,1453757.00,1484120.00,1515224.00,..
WBG,West Bank and Gaza,1978248.40,2068845.13,2163590.85,2262675.60,2366298.07,2474666.09,2587996.97,2706518.00,2802299.02,2901469.63,3004149.79,3110463.71,3220539.97,3334511.72,3452516.82,3574698.00,3701203.05,3832185.00,3937309.00,4043218.00,4152102.00,..
SWZ,Swaziland,862947.00,887467.00,908158.00,926420.00,944404.00,963591.00,984632.00,1006824.00,1028708.00,1048174.00,1063832.00,1075083.00,1082777.00,1088724.00,1095487.00,1104909.00,1117604.00,1133007.00,1150344.00,1168345.00,1186056.00,..
TON,Tonga,95150.00,95305.00,95426.00,95541.00,95691.00,95907.00,96196.00,96551.00,96966.00,97431.00,97935.00,98476.00,99053.00,99659.00,100286.00,100926.00,101584.00,102254.00,102910.00,103519.00,104058,..
CAN,Canada,27791000.00,28171681.96,28519597.36,28833410.36,29111906.40,29354000.00,29671900.00,29987200.00,30247900.00,30499200.00,30769700.00,31081900.00,31362000.00,31676000.00,31995000.00,32312000.00,32649000.00,32976000.00,33311400.00,33739900.00,34108752.00,..
KOR,Korea Rep.,42869000.00,43268000.00,43663000.00,44056000.00,44453000.00,45093000.00,45525000.00,45954000.00,46287000.00,46617000.00,47008000.00,47357000.00,47622000.00,47859000.00,48039000.00,48138000.00,48297000.00,48456000.00,48607000.00,48747000.00,48875000,..
CAF,Central African Republic,2934777.00,3007347.00,3084958.00,3165869.00,3247456.00,3327710.00,3406451.00,3484027.00,3559604.00,3632287.00,3701607.00,3767068.00,3829238.00,3890075.00,3952281.00,4017880.00,4087534.00,4160940.00,4237961.00,4318128.00,4401051.00,..
SVK,Slovak Republic,5283000.00,5283000.00,5306500.00,5324600.00,5347300.00,5363676.00,5373793.00,5383233.00,5390657.00,5395115.00,5388720.00,5378867.00,5379056.00,5379607.00,5382438.00,5387001.00,5391409.00,5397318.00,5406626.00,5418590.00,5433456.00,..
CYP,Cyprus,766663.00,783189.00,800707.00,818858.00,837205.00,855424.00,873277.00,890758.00,908059.00,925504.00,943294.00,961482.00,979874.00,998134.00,1015806.00,1032562.00,1048272.00,1063027.00,1077001.00,1090473.00,1103647,..
BIH,Bosnia and Herzegovina,4308197.00,4157485.00,3931372.00,3677379.00,3462032.00,3332098.00,3305672.00,3365616.00,3480285.00,3601438.00,3693698.00,3748370.00,3775883.00,3782717.00,3781358.00,3781001.00,3781588.00,3779034.00,3774164.00,3767683.00,3760149.00,..
SGP,Singapore,3047000.00,3135100.00,3230700.00,3313500.00,3419000.00,3524500.00,3670700.00,3796000.00,3927200.00,3958700.00,4027900.00,4138000.00,4176000.00,4114800.00,4166700.00,4265800.00,4401400.00,4588600.00,4839400.00,4987600.00,5076700.00,..
SOM,Somalia,6599249.00,6585079.00,6543380.00,6498410.00,6484228.00,6524697.00,6628554.00,6786636.00,6982940.00,7193120.00,7399033.00,7596920.00,7791254.00,7981955.00,8170899.00,8359859.00,8547497.00,8733493.00,8922260.00,9119848.00,9330872.00,..
UZB,Uzbekistan,20510000.00,20952000.00,21449000.00,21942000.00,22377000.00,22785000.00,23225000.00,23667000.00,24051000.00,24400000.00,24650000.00,24967000.00,25271800.00,25567700.00,25864386.00,26167369.00,26485800.00,26867800.00,27313700.00,27767100.00,28160361.37,..
ERI,Eritrea,3158295.00,3180430.00,3184019.00,3180541.00,3186063.00,3212503.00,3263016.00,3335157.00,3428264.00,3539885.00,3667576.00,3812473.00,3973973.00,4145500.00,4318343.00,4486155.00,4645837.00,4798561.00,4947521.00,5097998.00,5253676.00,..
POL,Poland,38118800.00,38244400.00,38364700.00,38459000.00,38543600.00,38587600.00,38618000.00,38650000.00,38666145.00,38658000.00,38453757.00,38248076.00,38230364.00,38204570.00,38182222.00,38165445.00,38141267.00,38120560.00,38125759.00,38151603.00,38187488.00,..
KWT,Kuwait,2087687.00,2031004.00,..,..,..,1627911.00,1628120.00,1678812.00,1763693.00,1857217.00,1940786.00,2009588.00,2069816.00,2126786.00,2189485.00,2264014.00,2351441.00,2447818.00,2548351.00,2646286.00,2736732.00,..
GAB,Gabon,929044.00,959631.00,991289.00,1023531.00,1055707.00,1087327.00,1118215.00,1148416.00,1177936.00,1206862.00,1235274.00,1263165.00,1290532.00,1317484.00,1344171.00,1370729.00,1397192.00,1423637.00,1450310.00,1477514.00,1505463.00,..
CYM,Cayman Islands,26048.00,27363.00,28710.00,30074.00,31437.00,32792.00,34096.00,35361.00,36704.00,38284.00,40195.00,42501.00,45117.00,47815.00,50273.00,52268.00,53712.00,54679.00,55295.00,55763.00,56230,..
EST,Estonia,1569000.00,1561000.00,1533000.00,1494000.00,1463000.00,1437000.00,1416000.00,1400000.00,1386200.00,1375649.33,1369512.61,1364097.50,1358641.02,1353520.15,1348998.52,1346097.00,1343547.00,1341672.00,1340675.00,1340271.00,1339646.00,..
MWI,Malawi,9380892.00,9583696.00,9681728.00,9721620.00,9772164.00,9883350.00,10070605.00,10319125.00,10612353.00,10922265.00,11228756.00,11529337.00,11833102.00,12144945.00,12472794.00,12822587.00,13195329.00,13589404.00,14005113.00,14442290.00,14900841.00,..
ESP,Spain,38836000.00,38939050.00,39067750.00,39189400.00,39294950.00,39387000.00,39478150.00,39582400.00,39721100.00,39926250.00,40263200.00,40720450.00,41313950.00,42004500.00,42691650.00,43398150.00,44116441.00,44878945.00,45555716.00,45908594.00,46081574.00,..
IRQ,Iraq,18194212.50,18706560.72,19233336.65,19774946.56,20331808.18,20904351.00,21545637.53,22206596.93,22887832.69,23589966.85,24313640.50,24937728.45,25577835.63,26234373.22,26907762.96,27598437.43,28432903.78,29292601.06,30178292.15,31090762.99,32030823.30,..
SLV,El Salvador,5332842.00,5413269.00,5498489.00,5584047.00,5663820.00,5733401.00,5791403.00,5839103.00,5878097.00,5911094.00,5940305.00,5966027.00,5988233.00,6008523.00,6028792.00,6050513.00,6074487.00,6100868.00,6129628.00,6160423.00,6192993.00,..
MLI,Mali,8672868.00,8861362.00,9076261.00,9313042.00,9564231.00,9824510.00,10092753.00,10371338.00,10662517.00,10969725.00,11295324.00,11639798.00,12001887.00,12380104.00,12772264.00,13176642.00,13592796.00,14020786.00,14459990.00,14909813.00,15369809.00,..
IRL,Ireland,3505800.00,3525700.00,3549100.00,3563300.00,3570700.00,3608841.00,3637510.00,3674171.00,3712696.00,3754786.00,3805174.00,3866243.00,3931947.00,3996521.00,4070262.00,4159914.00,4260341.00,4356931.00,4425683.00,4458942.00,4481430.00,..
IRN,Iran Islamic Rep.,54870583.00,56071545.00,57067645.00,57940444.00,58808655.00,59757114.00,60815686.00,61955730.00,63133032.00,64278307.00,65342319.00,66313553.00,67212850.00,68061695.00,68893323.00,69732007.00,70582086.00,71435498.00,72289291.00,73137148.00,73973630.00,..
ABW,Aruba,62147.00,64642.00,68286.00,72573.00,76762.00,80323.00,83069.00,85161.00,86827.00,88442.00,90271.00,92363.00,94596.00,96875.00,99046.00,100996.00,102711.00,104225.00,105526.00,106612.00,107488,..
PNG,Papua New Guinea,4157654.00,4261537.00,4368815.00,4479959.00,4595463.00,4715617.00,4840693.00,4970478.00,5104153.00,5240560.00,5378824.00,5518586.00,5659946.00,5803029.00,5948135.00,6095437.00,6244916.00,6396307.00,6549268.00,6703361.00,6858266.00,..
PAN,Panama,2415926.00,2466083.00,2517356.00,2569672.00,2622903.00,2676926.00,2731717.00,2787228.00,2843276.00,2899636.00,2956126.00,3012635.00,3069123.00,3125565.00,3181969.00,3238321.00,3294583.00,3350673.00,3406487.00,3461901.00,3516820.00,..
SDN,Sudan,26494169.00,27159893.00,27865979.00,28605664.00,29367076.00,30141147.00,30929107.00,31733750.00,32549326.00,33368681.00,34187729.00,35002234.00,35816110.00,36643433.00,37503647.00,38410320.00,39368726.00,40373635.00,41415151.00,42478309.00,43551941.00,..
SLB,Solomon Islands,309527.00,318371.00,327529.00,336960.00,346599.00,356404.00,366363.00,376511.00,386906.00,397627.00,408732.00,420232.00,432107.00,444344.00,456919.00,469805.00,483000.00,496490.00,510221.00,524125.00,538148,..
NZL,New Zealand,3448000.00,3495100.00,3531700.00,3572200.00,3620100.00,3673400.00,3732000.00,3781400.00,3815000.00,3835100.00,3857800.00,3880500.00,3948500.00,4027200.00,4087500.00,4133900.00,4184600.00,4228300.00,4268900.00,4315800.00,4367800.00,..
MCO,Monaco,30896.00,31330.00,31745.00,32154.00,32574.00,33014.00,33485.00,33974.00,34444.00,34840.00,35126.00,35288.00,35341.00,35323.00,35282.00,35260.00,35267.00,35295.00,35336.00,35377.00,35407,..
JPN,Japan,123537000.00,123921000.00,124229000.00,124536000.00,124961000.00,125439000.00,125761000.00,126091000.00,126410000.00,126650000.00,126870000.00,127149000.00,127445000.00,127718000.00,127761000.00,127773000.00,127756000.00,127770750.00,127704040.00,127557958.00,127450459.00,..
KGZ,Kyrgyz Republic,4423000.00,4495000.00,4546000.00,4543000.00,4540000.00,4589900.00,4657000.00,4725000.00,4797000.00,4864600.00,4915300.00,4954800.00,4993200.00,5038600.00,5092802.00,5143500.00,5192100.00,5234800.00,5277900.00,5321354.86,5365167.50,..
UGA,Uganda,17699717.00,18314701.00,18935726.00,19561967.00,20193432.00,20831075.00,21473592.00,22123185.00,22788843.00,23482533.00,24213120.00,24984181.00,25794397.00,26641627.00,27521632.00,28431204.00,29370251.00,30339895.00,31339392.00,32367909.00,33424683.00,..
NCL,New Caledonia,168000.00,172167.00,176723.79,181695.69,187110.74,193000.00,197000.00,201641.74,205000.00,209214.00,213230.00,217324.00,221490.00,225735.00,230068.00,234393.00,238459.00,242400.00,246705.00,250325.93,254000,..
ARE,United Arab Emirates,1808642.00,1909812.00,2014095.00,2121704.00,2232980.00,2348539.00,2473983.00,2611610.00,2755497.00,2897038.00,3033491.00,3149440.00,3254691.00,3400959.00,3658042.00,4069349.00,4662728.00,5405541.00,6206623.00,6938815.00,7511690.00,..
ARG,Argentina,32642442.00,33093579.00,33540023.00,33982035.00,34420352.00,34855160.00,35287113.00,35714929.00,36134642.00,36541029.00,36930709.00,37302116.00,37657340.00,38001251.00,38340778.00,38681174.00,39023850.00,39368066.00,39714298.00,40062470.00,40412376.00,..
BHS,Bahamas The,256128.00,260845.00,265761.00,270701.00,275426.00,279774.00,283677.00,287217.00,290571.00,293988.00,297651.00,301606.00,305801.00,310201.00,314739.00,319358.00,324066.00,328861.00,333661.00,338358.00,342877,..
BHR,Bahrain,492891.00,506685.00,519696.00,532362.00,545329.00,559069.00,574914.00,592986.00,611237.00,626765.00,638193.00,642510.00,642070.00,647164.00,671760.00,724807.00,811410.00,925733.00,1052359.00,1169578.00,1261835,..
ARM,Armenia,3544695.00,3512051.00,3449940.00,3370373.00,3290540.00,3223173.00,3172185.00,3134836.00,3109101.00,3090624.00,3076098.00,3065810.00,3061067.00,3060554.00,3062612.00,3065954.00,3069844.00,3074181.00,3079087.00,3084979.00,3092072.00,..
NRU,Nauru,9157.00,9354.00,9544.00,9719.00,9863.00,9970.00,10033.00,10058.00,10056.00,10046.00,10041.00,10046.00,10057.00,10075.00,10094.00,10114.00,10133.00,10154.00,10180.00,10212.00,10255,..
CUB,Cuba,10570328.00,10654121.00,10727088.00,10790686.00,10847842.00,10900795.00,10949206.00,10992290.00,11031429.00,11068382.00,11104313.00,11140168.00,11175434.00,11208029.00,11234970.00,11254242.00,11265124.00,11268687.00,11266905.00,11262628.00,11257979.00,..
